donor_id,family,source_path,sha256,bbox_x_mm,bbox_y_mm,bbox_z_mm,license_state,conversion_state,preferred_mount,notes
SHOW-ST01,Straight,"Gravitrax Tiles Variations Collection - 4538769 - part 1 of 3/files/Straight.stl",674c4c5df55a451da9de75424701653377e01c50aa16721d72f83f971dcc3289,67.5812,59.0629,10.0,CC_ATTRIBUTION,READY_FOR_PRIVATE_CONVERSION,HEX_CORE_MOUNT,Simple first rolling-regression candidate
SHOW-CV01,Large curve,"Gravitrax Tiles Variations Collection - 4538769 - part 1 of 3/files/lCurve.stl",4d545a9420f1fc30b2bfb8ff8a5b073772e8e8d4694dc03d4ae16a1802b7bc12,67.5812,59.0629,10.0,CC_ATTRIBUTION,READY_FOR_PRIVATE_CONVERSION,HEX_CORE_MOUNT,Curved-path baseline
SHOW-SC01,S-curve,"Gravitrax Tiles Variations Collection - 4538769 - part 1 of 3/files/sCurve.stl",982a4661bb7bccdc6df3413d67b81caf38561f7df112342ef4e0deca68389f42,67.5812,59.0629,10.0,CC_ATTRIBUTION,READY_FOR_PRIVATE_CONVERSION,HEX_CORE_MOUNT,S-curve baseline
SHOW-X01,Crossing,"Gravitrax Tiles Variations Collection - 4538769 - part 2 of 3/files/2_lCurve_opposed_1Straight_crossing.stl",1614b6c14688c4ddb5b7db6aba8188d6046b6d6d5b4c3e2dea6a3d113af76a56,67.5813,59.0629,10.0011,CC_ATTRIBUTION,READY_FOR_PRIVATE_CONVERSION,REINFORCED_HEX_CORE_MOUNT,Crossing has higher torsional demand
SHOW-SP01,Spiral-to-fall,"Gravitrax Tiles Variations Collection - 4538769 - part 2 of 3/files/spiral_to_fall.stl",5e031f360633a01f8e9afa1c31b3e629c2adf450e30c1493c45ab28e1dd00d98,67.5812,59.0629,10.0,CC_ATTRIBUTION,READY_FOR_PRIVATE_CONVERSION,REINFORCED_HEX_CORE_MOUNT,Dynamic show candidate
SHOW-LP01,Loop,"Gravitrax Tiles Variations Collection - 4538769 - part 2 of 3/files/Loop.stl",ceb4d9ae6e9e8e775b537008eb1b45895c7ec7d83d5f0e5f277cff17fd3f89c5,67.5812,59.0629,10.0,CC_ATTRIBUTION,READY_FOR_PRIVATE_CONVERSION,REINFORCED_HEX_CORE_MOUNT,High dynamic load
SHOW-WP01,Whoopy jump,"Gravitrax Tiles Variations Collection - 4538769 - part 2 of 3/files/whoopy-straigth-jump-above-lCurve.stl",d36fc86717570a96e5dfe79cd730aa77c87989741f689865ad389e987bb1b4c3,67.5812,59.0629,10.0,CC_ATTRIBUTION,READY_FOR_PRIVATE_CONVERSION,REINFORCED_HEX_CORE_MOUNT,Jump / show-effect candidate
SHOW-SOL01,Solenoid S-curve,"Gravitrax Tiles Variations Collection - 4538769 - part 3 of 3/files/Solenoid_sCurve.stl",c7410d6ae21ac95f6e7beafc9633eb5e15d06e167dfde86427c0f3f6a1d6b91d,67.5812,59.0629,10.0,CC_ATTRIBUTION,READY_FOR_PRIVATE_CONVERSION,HEX_CORE_MOUNT,Additional show-path candidate
SHOW-SNAKE01,Snake,"extension+gravitrax_stls/obj_1_gt-snake-direct[1].stl",f7a82f611bfd6b6d180e93ab5d740f1daf3e6006ee537d5d248682bcd7a1685e,59.0,68.1273,25.5,LICENSE_UNCONFIRMED,HOLD_LICENSE,NO_REDISTRIBUTION,Reference-only until original source license is confirmed
